[
  {
    "emoteName": "Default",
    "filePathEyebrows": "resources/Virgo/character_brow_angry_right.png",
    "filePathMouth": "resources/Virgo/character_closed_right.png",
    "filePathIcon": "resources/Virgo/Emotes/Default.png"
  },
  {
    "emoteName": "Angry",
    "filePathEyebrows": "resources/Virgo/character_brow_angry_right.png",
    "filePathMouth": "resources/Virgo/character_teeth_right.png",
    "filePathIcon": "resources/Virgo/Emotes/Angry.png"
  },
  {
    "emoteName": "Confused",
    "filePathEyebrows": "resources/Virgo/character_brow_confused_right.png",
    "filePathMouth": "resources/Virgo/character_open_right.png",
    "filePathIcon": "resources/Virgo/Emotes/Confused.png"
  },
  {
    "emoteName": "Gasp",
    "filePathEyebrows": "resources/Virgo/character_brow_sad_right.png",
    "filePathMouth": "resources/Virgo/character_wideopen_right.png",
    "filePathIcon": "resources/Virgo/Emotes/Gasp.png"
  },
  {
    "emoteName": "Pissed",
    "filePathEyebrows": "resources/Virgo/character_brow_angry_right.png",
    "filePathMouth": "resources/Virgo/character_o_right.png",
    "filePathIcon": "resources/Virgo/Emotes/Pissed.png"
  }

]