[
  {
	"hatName": "Eyepatch",
    "filePathHat": "resources/Kobold/character_hat_eyepatch_right.png"
  },
  {
	"hatName": "Goggles",
    "filePathHat": "resources/Kobold/character_hat_goggles.png"
  },
   {
	"hatName": "Moustache",
    "filePathHat": "resources/Kobold/character_hat_moustache.png"
  },
   {
	"hatName": "Wizard",
    "filePathHat": "resources/Kobold/character_hat_Wizard.png"
  },
   {
	"hatName": "DBHat",
    "filePathHat": "resources/Kobold/character_hat_DBHat.png"
  },
   {
	"hatName": "Scarf",
    "filePathHat": "resources/Kobold/character_hat_scarf.png"
  }
]