[
  {
    "emoteName": "Default",
    "filePathEyebrows": "resources/Dave/character_brow_normal_right.png",
    "filePathMouth": "resources/Dave/character_closed_right.png",
    "filePathIcon": "resources/Dave/Emotes/Default.png"
  },
  {
    "emoteName": "Angry",
    "filePathEyebrows": "resources/Dave/character_brow_angry_right.png",
    "filePathMouth": "resources/Dave/character_teeth_right.png",
    "filePathIcon": "resources/Dave/Emotes/Angry.png"
  },
  {
    "emoteName": "Confused",
    "filePathEyebrows": "resources/Dave/character_brow_confused_right.png",
    "filePathMouth": "resources/Dave/character_open_right.png",
    "filePathIcon": "resources/Dave/Emotes/Confused.png"
  },
  {
    "emoteName": "Gasp",
    "filePathEyebrows": "resources/Dave/character_brow_Sad_right.png",
    "filePathMouth": "resources/Dave/character_wideopen_right.png",
    "filePathIcon": "resources/Dave/Emotes/Gasp.png"
  },
  {
    "emoteName": "Ooo",
    "filePathEyebrows": "resources/Dave/character_brow_confused_right.png",
    "filePathMouth": "resources/Dave/character_O_right.png",
    "filePathIcon": "resources/Dave/Emotes/Ooo.png"
  },
  {
    "emoteName": "Sad",
    "filePathEyebrows": "resources/Dave/character_brow_sad_right.png",
    "filePathMouth": "resources/Dave/character_closed_right.png",
    "filePathIcon": "resources/Dave/Emotes/Sad.png"
  }

]