[
  {
    "emoteName": "Closed",
    "filePathEyebrows": "resources/Glamshark/character_brow_normal_right.png",
    "filePathMouth": "resources/Glamshark/character_closed_right.png",
    "filePathIcon": "resources/Glamshark/Emotes/Default.png"
  },
  {
    "emoteName": "Open",
    "filePathEyebrows": "resources/Glamshark/character_brow_normal_right.png",
    "filePathMouth": "resources/Glamshark/character_open_right.png",
    "filePathIcon": "resources/Glamshark/Emotes/Open.png"
  },
  {
    "emoteName": "Wide Open",
    "filePathEyebrows": "resources/Glamshark/character_brow_normal_right.png",
    "filePathMouth": "resources/Glamshark/character_wideopen_right.png",
    "filePathIcon": "resources/Glamshark/Emotes/WideOpen.png"
  }
]