[
  {
    "emoteName": "Default",
    "filePathEyebrows": "resources/Gwyneth/character_brow_normal_right.png",
    "filePathMouth": "resources/Gwyneth/character_closed_right.png",
    "filePathIcon": "resources/Gwyneth/Emotes/Default.png"
  },
  {
    "emoteName": "Angry",
    "filePathEyebrows": "resources/Gwyneth/character_brow_angry_right.png",
    "filePathMouth": "resources/Gwyneth/character_teeth_right.png",
    "filePathIcon": "resources/Gwyneth/Emotes/Angry.png"
  },
  {
    "emoteName": "Confused",
    "filePathEyebrows": "resources/Gwyneth/character_brow_confused_right.png",
    "filePathMouth": "resources/Gwyneth/character_open_right.png",
    "filePathIcon": "resources/Gwyneth/Emotes/Confused.png"
  },
  {
    "emoteName": "Gasp",
    "filePathEyebrows": "resources/Gwyneth/character_brow_excited_right.png",
    "filePathMouth": "resources/Gwyneth/character_wide_open_right.png",
    "filePathIcon": "resources/Gwyneth/Emotes/Gasp.png"
  },
  {
    "emoteName": "Ooo",
    "filePathEyebrows": "resources/Gwyneth/character_brow_confused_right.png",
    "filePathMouth": "resources/Gwyneth/character_o_right.png",
    "filePathIcon": "resources/Gwyneth/Emotes/Ooo.png"
  }

]