[
  {
    "emoteName": "Default",
    "filePathEyebrows": "resources/Deadbones/character_brow_normal_right.png",
    "filePathMouth": "resources/Deadbones/character_straight_right.png",
    "filePathIcon": "resources/Deadbones/Emotes/Default.png"
  },
  {
    "emoteName": "Angry",
    "filePathEyebrows": "resources/Deadbones/character_brow_angry_right.png",
    "filePathMouth": "resources/Deadbones/character_centerup_right.png",
    "filePathIcon": "resources/Deadbones/Emotes/Angry.png"
  },
  {
    "emoteName": "Confused",
    "filePathEyebrows": "resources/Deadbones/character_brow_confused_right.png",
    "filePathMouth": "resources/Deadbones/character_centerdown_right.png",
    "filePathIcon": "resources/Deadbones/Emotes/Confused.png"
  },
  {
    "emoteName": "Sad",
    "filePathEyebrows": "resources/Deadbones/character_brow_sad_right.png",
    "filePathMouth": "resources/Deadbones/character_down_right.png",
    "filePathIcon": "resources/Deadbones/Emotes/Sad.png"
  },
  {
    "emoteName": "Happy",
    "filePathEyebrows": "resources/Deadbones/character_brow_excited_right.png",
    "filePathMouth": "resources/Deadbones/character_up_right.png",
    "filePathIcon": "resources/Deadbones/Emotes/Happy.png"
  },
  {
    "emoteName": "Very Angry",
    "filePathEyebrows": "resources/Deadbones/character_brow_very_angry_right.png",
    "filePathMouth": "resources/Deadbones/character_centerdown_right.png",
    "filePathIcon": "resources/Deadbones/Emotes/VeryAngry.png"
  },
  {
    "emoteName": "Very Sad",
    "filePathEyebrows": "resources/Deadbones/character_brow_very_sad_right.png",
    "filePathMouth": "resources/Deadbones/character_down_right.png",
    "filePathIcon": "resources/Deadbones/Emotes/VerySad.png"
  },
  {
    "emoteName": "Evil",
    "filePathEyebrows": "resources/Deadbones/character_brow_evil_right.png",
    "filePathMouth": "resources/Deadbones/character_centerdown_right.png",
    "filePathIcon": "resources/Deadbones/Emotes/Evil.png"
  },
  {
    "emoteName": "Shocked",
    "filePathEyebrows": "resources/Deadbones/character_brow_shocked_right.png",
    "filePathMouth": "resources/Deadbones/character_straight_right.png",
    "filePathIcon": "resources/Deadbones/Emotes/Shocked.png"
  },
  {
    "emoteName": "Blink",
    "filePathEyebrows": "resources/Deadbones/character_brow_blink_right.png",
    "filePathMouth": "resources/Deadbones/character_straight_right.png",
    "filePathIcon": "resources/Deadbones/Emotes/Blink.png"
  }
]