[
  {
    "emoteName": "Default",
    "filePathEyebrows": "resources/Coe/character_brow_normal_right.png",
    "filePathMouth": "resources/Coe/character_closed_right.png",
    "filePathIcon": "resources/Coe/Emotes/Default.png"
  },
  {
    "emoteName": "Angry",
    "filePathEyebrows": "resources/Coe/character_brow_angry_right.png",
    "filePathMouth": "resources/Coe/character_teeth_right.png",
    "filePathIcon": "resources/Coe/Emotes/Angry.png"
  },
  {
    "emoteName": "Confused",
    "filePathEyebrows": "resources/Coe/character_brow_confused_right.png",
    "filePathMouth": "resources/Coe/character_open_right.png",
    "filePathIcon": "resources/Coe/Emotes/Confused.png"
  },
  {
    "emoteName": "Gasp",
    "filePathEyebrows": "resources/Coe/character_brow_sad_right.png",
    "filePathMouth": "resources/Coe/character_wideopen_right.png",
    "filePathIcon": "resources/Coe/Emotes/Gasp.png"
  },
  {
    "emoteName": "Ooo",
    "filePathEyebrows": "resources/Coe/character_brow_excited_right.png",
    "filePathMouth": "resources/Coe/character_O_right.png",
    "filePathIcon": "resources/Coe/Emotes/Ooo.png"
  },
  {
	"emoteName": "Happy",
	"filePathEyebrows": "resources/Coe/character_brow_Excited_right.png",
	"filePathMouth": "resources/Coe/character_happy_right.png",
    "filePathIcon": "resources/Coe/Emotes/Happy.png"
  },
  {
	"emoteName": "Sad",
	"filePathEyebrows": "resources/Coe/character_brow_sad_right.png",
	"filePathMouth": "resources/Coe/character_closed_right.png",
    "filePathIcon": "resources/Coe/Emotes/Sad.png"
  },
  {
	"emoteName": "Very Angry",
	"filePathEyebrows": "resources/Coe/character_brow_very_angry_right.png",
	"filePathMouth": "resources/Coe/character_teeth_right.png",
    "filePathIcon": "resources/Coe/Emotes/VeryAngry.png"
  },
  {
	"emoteName": "Very Sad",
	"filePathEyebrows": "resources/Coe/character_brow_very_sad_right.png",
	"filePathMouth": "resources/Coe/character_closed_right.png",
    "filePathIcon": "resources/Coe/Emotes/VerySad.png"
  }

]