[
  {
	"hatName": "Goggles",
    "filePathHat": "resources/Coe/character_hat_goggles.png"
  },
  {
	"hatName": "Pirate",
    "filePathHat": "resources/Coe/character_hat_pirate.png"
  },
  {
	"hatName": "Moustache",
    "filePathHat": "resources/Coe/character_hat_moustache.png"
  },
  {
	"hatName": "Sunglasses",
    "filePathHat": "resources/Coe/character_hat_sunglasses.png"
  },
  {
	"hatName": "Paladin",
    "filePathHat": "resources/Coe/character_hat_paladin.png"
  },
  {
	"hatName": "Dragonwan",
    "filePathHat": "resources/Coe/character_hat_dragonwan.png"
  },
  {
	"hatName": "Suspenders",
    "filePathHat": "resources/Coe/character_hat_suspenders.png"
  },
  {
	"hatName": "Trucker",
    "filePathHat": "resources/Coe/character_hat_trucker.png"
  },
  {
	"hatName": "MuttonChops",
    "filePathHat": "resources/Coe/character_hat_muttonchops.png"
  }
]