[
  {
    "emoteName": "Default",
    "filePathEyebrows": "resources/guideCharacter/character_brow_normal_right.png",
    "filePathMouth": "resources/guideCharacter/character_closed_right.png",
    "filePathIcon": "resources/guideCharacter/Emotes/Default.png"
  },
  {
    "emoteName": "Angry",
    "filePathEyebrows": "resources/guideCharacter/character_brow_angry_right.png",
    "filePathMouth": "resources/guideCharacter/character_teeth_right.png",
    "filePathIcon": "resources/guideCharacter/Emotes/Angry.png"
  },
  {
    "emoteName": "VeryAngry",
    "filePathEyebrows": "resources/guideCharacter/character_brow_very_angry_right.png",
    "filePathMouth": "resources/guideCharacter/character_teeth_right.png",
    "filePathIcon": "resources/guideCharacter/Emotes/VeryAngry.png"
  },
  {
    "emoteName": "Confused",
    "filePathEyebrows": "resources/guideCharacter/character_brow_confused_right.png",
    "filePathMouth": "resources/guideCharacter/character_open_right.png",
    "filePathIcon": "resources/guideCharacter/Emotes/Confused.png"
  },
  {
    "emoteName": "Gasp",
    "filePathEyebrows": "resources/guideCharacter/character_brow_sad_right.png",
    "filePathMouth": "resources/guideCharacter/character_wide_open_right.png",
    "filePathIcon": "resources/guideCharacter/Emotes/Gasp.png"
  },
  {
    "emoteName": "Ooo",
    "filePathEyebrows": "resources/guideCharacter/character_brow_excited_right.png",
    "filePathMouth": "resources/guideCharacter/character_O_right.png",
    "filePathIcon": "resources/guideCharacter/Emotes/Ooo.png"
  },
  {
    "emoteName": "Sad",
    "filePathEyebrows": "resources/guideCharacter/character_brow_sad_right.png",
    "filePathMouth": "resources/guideCharacter/character_closed_right.png",
    "filePathIcon": "resources/guideCharacter/Emotes/Sad.png"
  }
]