[
  {
    "emoteName": "Default",
    "filePathEyebrows": "resources/Porc/character_brow_normal_right.png",
    "filePathMouth": "resources/Porc/character_closed_right.png",
    "filePathIcon": "resources/Porc/Emotes/Default.png"
  },
  {
    "emoteName": "Angry",
    "filePathEyebrows": "resources/Porc/character_brow_angry_right.png",
    "filePathMouth": "resources/Porc/character_teeth_right.png",
    "filePathIcon": "resources/Porc/Emotes/Angry.png"
  },
  {
    "emoteName": "Confused",
    "filePathEyebrows": "resources/Porc/character_brow_confused_right.png",
    "filePathMouth": "resources/Porc/character_open_right.png",
    "filePathIcon": "resources/Porc/Emotes/Confused.png"
  },
  {
    "emoteName": "Gasp",
    "filePathEyebrows": "resources/Porc/character_brow_Sad_right.png",
    "filePathMouth": "resources/Porc/character_wideopen_right.png",
    "filePathIcon": "resources/Porc/Emotes/Gasp.png"
  },
  {
    "emoteName": "Ooo",
    "filePathEyebrows": "resources/Porc/character_brow_Excited_right.png",
    "filePathMouth": "resources/Porc/character_O_right.png",
    "filePathIcon": "resources/Porc/Emotes/Ooo.png"
  },
  {
    "emoteName": "Happy",
    "filePathEyebrows": "resources/Porc/character_brow_Excited_right.png",
    "filePathMouth": "resources/Porc/character_happy_right.png",
    "filePathIcon": "resources/Porc/Emotes/Happy.png"
  },
  {
    "emoteName": "Sad",
    "filePathEyebrows": "resources/Porc/character_brow_sad_right.png",
    "filePathMouth": "resources/Porc/character_closed_right.png",
    "filePathIcon": "resources/Porc/Emotes/Sad.png"
  }
]