[
  {
    "emoteName": "Closed",
    "filePathEyebrows": "resources/Clockodile/character_brow_normal_right.png",
    "filePathMouth": "resources/Clockodile/character_closed_right.png",
    "filePathIcon": "resources/Clockodile/Emotes/Default.png"
  },
  {
    "emoteName": "Open",
    "filePathEyebrows": "resources/Clockodile/character_brow_angry_right.png",
    "filePathMouth": "resources/Clockodile/character_teeth_right.png",
    "filePathIcon": "resources/Clockodile/Emotes/Open.png"
  },
  {
    "emoteName": "Wide Open",
    "filePathEyebrows": "resources/Clockodile/character_brow_confused_right.png",
    "filePathMouth": "resources/Clockodile/character_wideopen_right.png",
    "filePathIcon": "resources/Clockodile/Emotes/WideOpen.png"
  },
  {
    "emoteName": "Ooo",
    "filePathEyebrows": "resources/Clockodile/character_brow_excited_right.png",
    "filePathMouth": "resources/Clockodile/character_O_right.png",
    "filePathIcon": "resources/Clockodile/Emotes/Ooo.png"
  }
]